use [QLBH_TeemoSneaker]

-- chèn bảng Khách hàng
INSERT INTO tblKHACHHANG (MaKH, HoKH, TenKH, SdtKH, GioiTinhKH, NgaySinhKH, DiaChiKH, EmailKH) VALUES
('KH0001', N'Nguyễn Văn', N'Minh', '0912345671', 1, '1990-05-15', N'123 Lê Lợi, Quận 1, TP HCM', 'minh.nguyen@gmail.com'),
('KH0002', N'Trần Thị', N'Anh', '0934567890', 0, '1995-12-02', N'456 Hai Bà Trưng, Quận 3, TP HCM', 'anh.tran@yahoo.com'),
('KH0003', N'Lê Hoàng', N'Bảo', '0901234567', 1, '1988-09-10', N'789 Võ Văn Kiệt, Quận 5, TP HCM', 'bao.le@gmail.com'),
('KH0004', N'Phạm Thị', N'Lan', '0987654321', 0, '1980-08-22', N'12 Nguyễn Tri Phương, Quận 10, TP HCM', 'lan.pham@yahoo.com'),
('KH0005', N'Đỗ Hoàng', N'Quân', '0912345678', 1, '1991-01-01', N'34 Bùi Thị Xuân, Quận 1, TP HCM', 'quan.do@gmail.com'),
('KH0006', N'Vũ Minh', N'Hải', '0945678901', 1, '1993-07-15', N'99 Nguyễn Đình Chiểu, Quận 3, TP HCM', 'hai.vu@gmail.com'),
('KH0007', N'Nguyễn Thị', N'Hương', '0934561234', 0, '1989-06-30', N'45 Lý Chính Thắng, Quận 3, TP HCM', 'huong.nguyen@gmail.com'),
('KH0008', N'Phạm Văn', N'Phúc', '0987651234', 1, '1990-11-12', N'78 Pasteur, Quận 1, TP HCM', 'phuc.pham@yahoo.com'),
('KH0009', N'Lê Thị', N'Thảo', '0976543210', 0, '1994-03-25', N'23 Trần Hưng Đạo, Quận 5, TP HCM', 'thao.le@gmail.com'),
('KH0010', N'Trần Văn', N'Bình', '0909988776', 1, '1987-02-14', N'67 Nguyễn Văn Cừ, Quận 5, TP HCM', 'binh.tran@gmail.com'),
('KH0011', N'Ngô Thị', N'Thu', '0945566778', 0, '2002-04-30', N'12 Phan Văn Trị, Quận Gò Vấp, TP HCM', 'thungo@gmail.com'),
('KH0012', N'Bùi Quang', N'Dũng', '0911223344', 1, '1992-09-09', N'34 Nguyễn Oanh, Quận Gò Vấp, TP HCM', 'dung.bui@gmail.com'),
('KH0013', N'Phan Thị', N'Mai', '0903344556', 0, '1985-12-22', N'101 Cách Mạng Tháng 8, Quận 10, TP HCM', 'mai.phan@gmail.com'),
('KH0014', N'Trần Văn', 1, '0933344556', 1, '1993-10-15', N'56 Xô Viết Nghệ Tĩnh, Quận Bình Thạnh, TP HCM', 'nam.tran@gmail.com'),
('KH0015', N'Lê Quang', N'Hùng', '0963344556', 1, '1991-06-18', N'90 Phan Đăng Lưu, Quận Phú Nhuận, TP HCM', 'hung.le@gmail.com'),
('KH0016', N'Đinh Thị', N'Loan', '0975566778', 0, '2000-05-22', N'30 Nguyễn Thái Bình, Quận Tân Bình, TP HCM', 'loan.dinh@gmail.com'),
('KH0017', N'Nguyễn Hoàng', N'Khánh', '0912233445', 1, '1989-11-11', N'15 Trường Sa, Quận Phú Nhuận, TP HCM', 'khanh.nguyen@gmail.com'),
('KH0018', N'Đặng Văn', N'Thịnh', '0944455667', 1, '1995-08-20', N'78 Hoàng Văn Thụ, Quận Tân Bình, TP HCM', 'thinh.dang@gmail.com'),
('KH0019', N'Trịnh Thị', N'Linh', '0986677889', 0, '1990-02-02', N'19 Đinh Tiên Hoàng, Quận 1, TP HCM', 'linh.trinh@gmail.com'),
('KH0020', N'Lê Minh', N'Khang', '0922345678', 1, '1992-03-14', N'43 Hậu Giang, Quận 6, TP HCM', 'khang.le@gmail.com'),
('KH0021', N'Trần Thị', N'Ngọc', '0911225566', 0, '2004-07-07', N'88 Đỗ Xuân Hợp, Quận 9, TP HCM', 'ngoc.tran@gmail.com'),
('KH0022', N'Nguyễn Thanh', N'Sơn', '0932233444', 1, '1993-12-19', N'22 Lê Văn Sỹ, Quận 3, TP HCM', 'son.nguyen@gmail.com'),
('KH0023', N'Phan Văn', N'Khoa', '0905566778', 1, '1990-09-09', N'33 Điện Biên Phủ, Quận Bình Thạnh, TP HCM', 'khoa.phan@gmail.com'),
('KH0024', N'Võ Thị', N'Hà', '0978899000', 0, '1995-06-06', N'24 Nguyễn Thị Minh Khai, Quận 1, TP HCM', 'ha.vo@gmail.com'),
('KH0025', N'Ngô Văn', N'Lộc', '0911227788', 1, '1994-05-05', N'12 Cộng Hòa, Quận Tân Bình, TP HCM', 'loc.ngo@gmail.com'),
('KH0026', N'Đinh Văn', N'Dương', '0933344557', 1, '2008-10-10', N'45 Trần Quốc Thảo, Quận 3, TP HCM', 'duong.dinh@gmail.com'),
('KH0027', N'Lý Thị', N'Phương', '0988899001', 0, '1986-12-12', N'89 Nam Kỳ Khởi Nghĩa, Quận 1, TP HCM', 'phuong.ly@gmail.com'),
('KH0028', N'Trần Quang', N'Trung', '0905566779', 1, '1987-11-11', N'34 Cao Thắng, Quận 10, TP HCM', 'trung.tran@gmail.com'),
('KH0029', N'Nguyễn Hoàng', N'Anh', '0912345566', 0, '1991-08-08', N'78 Nguyễn Văn Trỗi, Quận Phú Nhuận, TP HCM', 'anh.nguyen@gmail.com'),
('KH0030', N'Trần Quốc', N'Cường', '0934455667', 1, '1990-07-07', N'123 Nguyễn Thị Minh Khai, Quận 3, TP HCM', 'cuong.tran@gmail.com'),
('KH0031', N'Phạm Văn', N'Đức', '0966677889', 1, '2005-10-10', N'45 Lê Văn Sỹ, Quận Tân Bình, TP HCM', 'duc.pham@gmail.com'),
('KH0032', N'Nguyễn Thị', N'Yến', '0911224455', 0, '1993-11-11', N'23 Trần Hưng Đạo, Quận 5, TP HCM', 'yen.nguyen@gmail.com'),
('KH0033', N'Lê Quang', N'Huy', '0984455667', 1, '1990-04-14', N'67 Nguyễn Văn Cừ, Quận 5, TP HCM', 'huy.le@gmail.com'),
('KH0034', N'Ngô Thị', N'Duyên', '0907788990', 0, '1994-01-22', N'101 Cách Mạng Tháng 8, Quận 10','ntd23@gmail.com'),
('KH0035', N'Vũ Văn', N'Tú', '0933445566', 1, '1992-12-12', N'12 Trần Phú, Quận Hải Châu, TP Đà Nẵng', 'tu.vu@gmail.com'),
('KH0036', N'Nguyễn Thị', N'Thanh', '0912456789', 0, '1990-05-05', N'45 Hùng Vương, Quận Thanh Khê, TP Đà Nẵng', 'thanh.nguyen@gmail.com'),
('KH0037', N'Lê Văn', N'Sơn', '0935566778', 1, '1975-06-06', N'78 Nguyễn Văn Cừ, TP Huế, Thừa Thiên Huế', 'son.le@gmail.com'),
('KH0038', N'Phạm Thị', N'Hòa', '0986677888', 0, '1995-07-07', N'90 Trần Hưng Đạo, TP Hội An, Quảng Nam', 'hoa.pham@gmail.com'),
('KH0039', N'Trần Hoàng', N'Linh', '0909988776', 1, '1993-09-09', N'12 Lý Thường Kiệt, TP Vinh, Nghệ An', 'linh.tran@gmail.com'),
('KH0040', N'Lý Quang', N'Dũng', '0971122334', 1, '1988-10-10', N'56 Hùng Vương, TP Hạ Long, Quảng Ninh', 'dung.ly@gmail.com'),
('KH0041', N'Ngô Thị', N'Thu', '0911223345', 0, '1994-02-02', N'78 Trần Phú, TP Thanh Hóa, Thanh Hóa', 'thu124ngoc@gmail.com'),
('KH0042', N'Trịnh Thị', N'Lan', '0904455667', 0, '1999-06-16', N'90 Quang Trung, TP Nam Định, Nam Định', 'lan.trinh@gmail.com'),
('KH0043', N'Nguyễn Văn', N'Bình', '0934455667', 1, '1990-04-14', N'12 Trần Hưng Đạo, TP Ninh Bình, Ninh Bình', 'binh.nguyen@gmail.com'),
('KH0044', N'Trần Minh', N'Tùng', '0984455667', 1, '1992-08-22', N'67 Lý Thái Tổ, TP Hải Phòng, Hải Phòng', 'tung.tran@gmail.com'),
('KH0045', N'Phạm Hoàng', N'Duy', '0907788990', 1, '1993-12-25', N'23 Điện Biên Phủ, TP Vũng Tàu, Bà Rịa-Vũng Tàu', 'duy.pham@gmail.com'),
('KH0046', N'Ngô Thị', N'Hằng', '0976677889', 0, '2001-01-18', N'34 Võ Thị Sáu, TP Nha Trang, Khánh Hòa', 'hang.ngo@gmail.com'),
('KH0047', N'Đỗ Quang', N'Hiếu', '0912233445', 1, '1994-03-03', N'78 Nguyễn Trãi, TP Cần Thơ, Cần Thơ', 'hieu.do@gmail.com'),
('KH0048', N'Vũ Thị', N'Thảo', '0945566778', 0, '1989-11-11', N'12 Nguyễn Huệ, TP Quy Nhơn, Bình Định', 'thao.vu@gmail.com'),
('KH0049', N'Trần Văn', N'Hùng', '0936677889', 1, '2003-09-09', N'45 Trần Hưng Đạo, TP Phan Thiết, Bình Thuận', 'hung.tran@gmail.com'),
('KH0050', N'Nguyễn Quang', N'Anh', '0987788990', 1, '1992-07-07', N'78 Lê Duẩn, TP Pleiku, Gia Lai', 'anhquang@gmail.com');

-- chèn bảng Chức vụ nhân viên
insert into tblCHUCVUNV (MaChucVu, TenChucVu, MatKhau)
values 
('CV0001' ,N'Nhân viên bán hàng', 'nhanvienbanhang'),
('CV0002' ,N'Nhân viên kho', 'nhanvienkho'),
('CV0003' ,N'Quản lý', 'admin123');

-- chèn bảng Nhân viên
INSERT INTO tblNHANVIEN (MaChucVu,MaNV, HoNV, TenNV, SdtNV, CccdNV, GioiTinhNV, NgaySinhNV, DiaChiNV,EmailNV)
VALUES
('CV0001','NV0001', N'Trần Minh', N'Anh', '0812345690', '079012345600', 0, '1990-01-01', N'12 Trần Hưng Đạo, Q.1, TP.HCM','anhtran123@gmail.com'),
('CV0001','NV0002', N'Nguyễn Ngọc', N'Tú', '0812345691', '079012345601', 0, '1991-02-02', N'45 Lý Thường Kiệt, Q.10, TP.HCM','tungoc@gmail.com'),
('CV0001','NV0003', N'Phạm Hoàng', N'Khoa', '0812345692', '079012345602', 1, '1992-03-03', N'78 Nguyễn Trãi, Q.5, TP.HCM','khoahoang@gmail.com'),
('CV0001','NV0004', N'Lê Thị', N'Thảo', '0812345693', '079012345603', 0, '1993-04-04', N'15 Phạm Ngũ Lão, Q.1, TP.HCM','lethao@gmail.com'),
('CV0001','NV0005', N'Vũ Ngọc', N'Duy', '0812345694', '079012345604', 1, '1994-05-05', N'22 Lê Văn Sỹ, Q.3, TP.HCM','vuduy@gmail.com'),
('CV0001','NV0006', N'Hồ Văn', N'Phúc', '0812345695', '079012345605', 1, '1995-06-06', N'33 Nguyễn Thị Minh Khai, Q.3, TP.HCM','hophuc@gmail.com'),
('CV0001','NV0007', N'Trần Thị', N'Hà', '0812345696', '079012345606', 0, '1996-07-07', N'18 Võ Thị Sáu, Q.Bình Thạnh, TP.HCM','tranha@gmail.com'),
('CV0001','NV0008', N'Nguyễn Minh', N'Phương', '0812345697', '079012345607', 0, '1997-08-08', N'56 Phan Xích Long, Q.Phú Nhuận, TP.HCM','nguyenphuong@gmail.com'),
('CV0001','NV0009', N'Phạm Hoàng', 'Anh', '0812345698', '079012345608', 1, '1998-09-09', N'88 Điện Biên Phủ, Q.Bình Thạnh, TP.HCM','phamnam@gmail.com'),
('CV0001','NV0010', N'Lê Văn', N'Thành', '0812345699', '079012345609', 1, '1999-10-10', N'15 Trường Chinh, Q.Tân Bình, TP.HCM','lethanh@gmail.com'),
('CV0002','NV0011', N'Phạm Thị', N'Lan', '0812345630', '079012345630', 0, '1989-07-31', N'9 Võ Văn Ngân, Q.Thủ Đức, TP.HCM','lanthinguyen@gmail.com'),
('CV0002','NV0012', N'Lê Thị', N'Kim', '0812345631', '079012345631', 0, '1990-08-01', N'33 Nguyễn Văn Đậu, Q.Bình Thạnh, TP.HCM','kimle@gmail.com'),
('CV0002','NV0013', N'Trần Minh', N'Tri', '0812345632', '079012345632', 1, '1985-09-02', N'45 Xô Viết Nghệ Tĩnh, Q.Bình Thạnh, TP.HCM','tritran@gmail.com'),
('CV0002','NV0014', N'Nguyễn Quang', N'Huy', '0812345633', '079012345633', 1, '2004-10-03', N'22 Võ Văn Kiệt, Q.5, TP.HCM','nguynhuyquang@gmail.com'),
('CV0002','NV0015', N'Trần Văn', N'Thanh', '0812345634', '079012345634', 1, '2003-11-04', N'77 Phạm Ngũ Lão, Q.1, TP.HCM','thanhvan@gmail.com'),
('CV0002','NV0016', N'Vũ Thị', N'Yến', '0812345635', '079012345635', 0, '2000-12-05', N'90 Đường 3/2, Q.10, TP.HCM','yenvu@gmail.com'),
('CV0002','NV0017', N'Lê Văn', N'Tuấn', '0812345636', '079012345636', 1, '1999-01-06', N'45 Nguyễn Thị Minh Khai, Q.3, TP.HCM','tuanlevan@gmail.com'),
('CV0002','NV0018', N'Nguyễn Văn', N'Hùng', '0812345637', '079012345637', 1, '1996-02-07', N'33 Cao Thắng, Q.10, TP.HCM','hunggg@gmail.com'),
('CV0002','NV0019', N'Trần Thị', N'Hà', '0812345638', '079012345638', 0, '1997-03-08', N'56 Hoàng Văn Thụ, Q.Phú Nhuận, TP.HCM','hatranthi@gmail.com'),
('CV0002','NV0020', N'Ngô Thị', N'Thu', '0812345639', '079012345639', 0, '1998-04-09', N'22 Nguyễn Trãi, Q.1, TP.HCM','thungo@gmail.com');

--chèn bảng Nơi sản xuất
insert into tblNHACUNGCAP(MaNCC, TenNCC, DiaChiNCC, SdtNCC)
values
('SX0001',N'Công ty TNHH TKG TaeKwang Cần Thơ',N'Khu Công Nghiệp Hưng Phú 2B, Phường Phú Thứ, Quận Cái Răng, TP. Cần Thơ, Việt Nam','02923868096'),
('SX0002',N'Công ty TNHH Giày Ching Luh Vĩnh Long chi nhánh 1',N'Lô G, KCN Bình Minh, Ấp Mỹ Lợi, Xã Mỹ Hòa, Thị xã Bình Minh, Tỉnh Vĩnh Long, Việt Nam','0916716358'),
('SX0003',N'Công ty TNHH Giày Ching Luh Vĩnh Long chi nhánh 2',N'Lô II-8, II-9, KCN Hòa Phú, Ấp Thạnh Hưng, Xã Hòa Phú, Huyện Long Hồ, Tỉnh Vĩnh Long, Việt Nam','0916716358'),
('SX0004',N'Công ty Cổ Phần TKG TaeKwang Vina Mỹ Tho',N'Tỉnh Lộ 864, Xã Trung An, Thành phố Mỹ Tho, Tiền Giang, Việt Nam','02733956333'),
('SX0005',N'Công ty Avery Dennison RBIS Long An',N'Lô E.01, Đường Trung Tâm, Khu Công Nghiệp, Long Hậu, Cần Giuộc, Long An, Việt Nam','02837763336'),
('SX0006',N'Công ty TNHH Kou Yuen Tây Ninh',N'Lô A13.1-5, Đường D3, Khu Công Nghiệp Thành Thành Công, An Hoà, Trảng Bàng, Tây Ninh, Việt Nam','02762228888'),
('SX0007',N'Công ty Can Sports Việt Nam',N'Ấp Thuận Hòa, Xã Truông Mít, Huyện Dương Minh Châu, Tỉnh Tây Ninh, Việt Nam',' 02763721111'),
('SX0008',N'Công ty Cổ Phần TKG TAEKWANG Mộc Bài',N'Khu Thương Mại Hiệp Thành, Mộc Bài, Xã Lợi Thuận, Huyện Bến Cầu, Tỉnh Tây Ninh, Việt Nam',' 02763766060 '),
('SX0009',N'Công ty Cổ Phần TKG ECO MATERIAL VINA',N'Lô số 45-18-2, Đường N14, KCN Phước Đông, Xã Phước Đông, Huyện Gò Dầu, Tỉnh Tây Ninh, Việt Nam','02763534409'),
('SX0010',N'Công ty TNHH Young IL Việt Nam',N'Lô A6 1-4, đường N5, KCN Thành Thành Công, Phường An Hòa, Thị xã Trảng Bàng, Tỉnh Tây Ninh, Việt Nam','02763970201'),
('SX0011',N'Công ty TNHH LongWell',N'19 đường tỉnh 769, Bầu Hàm 2, Thống Nhất, Đồng Nai, Việt Nam','02513683216'),
('SX0012',N'Công ty TNHH Giày Dona Standard Việt Nam',N'Đường số 02, Xuân Tâm, Xuân Lộc, Đồng Nai, Việt Nam','02513743800'),
('SX0013',N'Công ty TNHH Chang Shin Việt Nam',N' Ấp 1, Tổ 14, Thanh Phú, Vĩnh Cửu, Đồng Nai, Việt Nam','02513966622'),
('SX0014',N'Công ty TNHH Tong Hong Tannery',N'Khu Công Nghiệp Mỹ Xuân A2, Lô II-1,H. Tân Thành, Bà Rịa-Vũng Tàu, Việt Nam','02543899396'),
('SX0015',N'Công ty TNHH Prime Asia',N'Khu Công Nghiệp Mỹ Xuân A2, Lô V2,H. Tân Thành, Bà Rịa-Vũng Tàu, Việt Nam','02543899 177'),
('SX0016',N'Công ty TNHH San Fang',N'Đường N1-1, Mỹ Xuân, Tân Thành, Bà Rịa - Vũng Tàu, Việt Nam','02543899221'),
('SX0017',N'Công ty TNHH Quốc Tế Gold Long John Đồng Nai',N'Đường 5A, KCN Nhơn trạch II, Xã Phú Hội, Huyện Nhơn Trạch, Tỉnh Đồng Nai, Việt Nam','02513569181'),
('SX0018',N'Công ty TNHH Daewon Chemical Vina',N'Đường số 5, Khu Công nghiệp Long Thành, Xã Tam An, Huyện Long Thành, Đồng Nai, Việt Nam','02513514270'),
('SX0019',N'Công ty TNHH Framas Korea Vina',N'Lô 1-5 Đường số 1, Khu công nghiệp, Long Thành, Đồng Nai, Việt Nam','02513514400'),
('SX0020',N'Công ty TNHH Cosmo E-Mart Non-Women',N'Đường số 1, CCN Đức Hòa Hạ, Xã Đức Hòa Hạ, Huyện Đức Hoà, Tỉnh Long An, Việt Nam, Việt Nam','03929092680');

-- chèn bảng Loại giày
INSERT INTO tblLOAIGIAY (MaLoaiGiay, TenLoaiGiay, DacDiem)  
VALUES  
('LG0001', N'Nike Air Force 1', N'Một trong những mẫu giày huyền thoại của Nike, ra mắt từ năm 1982. Air Force 1 có thiết kế đơn giản nhưng tinh tế, dễ dàng phối đồ với nhiều phong cách khác nhau. Với đệm Air êm ái và phần da bền bỉ, đây là lựa chọn yêu thích trong thời trang đường phố và văn hóa sneaker suốt nhiều thập kỷ.'),  

('LG0002', N'Nike Dunk', N'Nike Dunk ra đời vào năm 1985 và nhanh chóng trở thành biểu tượng trong cộng đồng sneaker. Với thiết kế đa dạng từ cổ thấp đến cổ cao, cùng hàng loạt phối màu ấn tượng, Dunk không chỉ được ưa chuộng trong giới trượt ván mà còn là lựa chọn hàng đầu của các tín đồ thời trang.'),  

('LG0003', N'Nike Blazer', N'Là dòng giày thể thao cổ điển của Nike, ra mắt từ năm 1973. Thiết kế đơn giản với phần thân bằng da hoặc vải và logo Swoosh lớn tạo nên phong cách retro độc đáo. Nike Blazer thích hợp cho phong cách đường phố và được nhiều sneakerhead săn đón vì kiểu dáng vintage đặc trưng.'),  

('LG0004', N'Nike Air Jordan', N'Dòng giày bóng rổ huyền thoại được thiết kế riêng cho Michael Jordan từ năm 1984. Air Jordan không chỉ nổi bật với hiệu suất thể thao mà còn tạo nên làn sóng mạnh mẽ trong thời trang streetwear. Với nhiều phiên bản khác nhau, mỗi đôi Jordan đều mang giá trị sưu tầm và thể hiện cá tính riêng.'),  

('LG0005', N'Nike Pegasus', N'Dòng giày chạy bộ bán chạy nhất của Nike, ra mắt từ năm 1983. Pegasus có thiết kế nhẹ, đệm Air Zoom êm ái cùng khả năng hỗ trợ tối ưu cho người chạy bộ. Với sự cải tiến liên tục qua từng phiên bản, đây là lựa chọn hoàn hảo cho những ai yêu thích chạy bộ và tập luyện hàng ngày.');  


-- chèn bảng Loại size
insert into tblSIZE(MaSize, LoaiSize)
values
('LS0001',36),
('LS0002',38),
('LS0003',40),
('LS0004',42);

-- chèn bảng Giày
insert into tblGIAY (MaLoaiGiay, MaGiay, TenGiay,MaSize, GiaGiay,SoLuongTon,HinhAnh)
values
--loại Nike Air Force 1
('LG0001','G10001','Nike Air Force 1 All White','LS0001','2800000',50,'~\Image\Airforce1\allwhite.png'),
('LG0001','G10002','Nike Air Force 1 All Black','LS0002','3000000',22,'~\Image\Airforce1\black.png'),
('LG0001','G10003','Nike Air Force 1 Shadow','LS0003','2419000',15,'~\Image\Airforce1\shadow.png'),
('LG0001','G10004','Nike Air Force 1 Blue White','LS0004','3200000',8,'~\Image\Airforce1\bluewhite.png'),
('LG0001','G10005','Nike Air Force 1 Shown','LS0004','3829000',10,'~\Image\Airforce1\brown.png'),

--loại Nike Dunk
('LG0002','G20001','Nike Dunk Low SE','LS0003','2679000',6,'~\Image\Dunk\blur.png'),
('LG0002','G20002','Nike Dunk Plum','LS0004','2929000',16,'~\Image\Dunk\brown.png'),
('LG0002','G20003','Nike Dunk Twist','LS0004','3239000',3,'~\Image\Dunk\cream.png'),
('LG0002','G20004','Nike Dunk Next Nature' ,'LS0003','2299000',22,'~\Image\Dunk\pink.png'),
('LG0002','G20005','Nike Dunk Redwood' ,'LS0002','2419000',4,'~\Image\Dunk\red.png'),

-- loại Nike Blazer
('LG0003','G30001','Nike Blazer Mid 77 Vintage','LS0001','2800000',32,'~\Image\Blazer\lowblackwhite.png'),
('LG0003','G30002','Nike Blazer Low 77 Vintage','LS0002','2500000',21,'~\Image\Blazer\lowyellow.png'),
('LG0003','G30003','Nike Blazer Low 77','LS0003','1659000',12,'~\Image\Blazer\midblackwhite.png'),
('LG0003','G30004','Nike Blazer Mid Brown','LS0004','2500000',7,'~\Image\Blazer\midbrown.png'),

-- loại Nike Air Jordan
('LG0004','G40001','Air Jordan Low Bluelight','LS0001','4000000',23,'~\Image\Jordan\lowbluelight.png'),
('LG0004','G40002','Air Jordan Low Navy','LS0002','4200000',14,'~\Image\Jordan\lowewhitenavy.png'),
('LG0004','G40003','Air Jordan Low Grey','LS0003','4800000',18,'~\Image\Jordan\lowgrey.png'),
('LG0004','G40004','Air Jordan Low Retro','LS0004','3239000',20,'~\Image\Jordan\lowred.png'),
('LG0004','G40005','Air Jordan Low Retro','LS0003','4000000',24,'~\Image\Jordan\lowredbold.png'),
('LG0004','G40006','Air Jordan Mid Black','LS0002','3519000',3,'~\Image\Jordan\midblack.png'),
('LG0004','G40007','Air Jordan Mid Ocean','LS0003','4500000',21,'~\Image\Jordan\midblue.png'),
('LG0004','G40008','Air Jordan Mid Navy','LS0004','5500000',6,'~\Image\Jordan\midnavy.png'),

-- loại Nike Pegasus
('LG0005','G50001','Nike Pegasus Premium','LS0004','6179000',13,'~\Image\Pegasus\black.png'),
('LG0005','G50002','Nike Pegasus Plus','LS0002','5279000',4,'~\Image\Pegasus\blue.png'),
('LG0005','G50003','Nike Pegasus 41','LS0003','3829000',18,'~\Image\Pegasus\white.png'),
('LG0005','G50004','Nike Pegasus 41 PRM','LS0001','4109000',20,'~\Image\Pegasus\pink.png'),
('LG0005','G50005','Nike Pegasus 2005','LS0003','4409000',7,'~\Image\Pegasus\green.png');


-- chèn bảng Chi tiết nơi sản xuất
insert into tblCT_NHACUNGCAP(MaGiay, MaNCC, NgaySX, GhiChu)
values 
('G10001','SX0010', '2022-03-01', N'Sản xuất tại Ấn Độ'),
('G10002','SX0012', '2022-05-15', N'Sản xuất tại Việt Nam'),
('G10003','SX0018', '2022-06-20', N'Sản xuất tại Indonesia'),
('G10004','SX0014', '2022-07-10', N'Sản xuất tại Indonesia'),
('G10005','SX0016', '2022-08-25', N'Sản xuất tại Việt Nam'),

('G20001', 'SX0007', '2022-03-15', N'Sản xuất tại Việt Nam'),
('G20002', 'SX0004', '2022-04-01', N'Sản xuất tại Việt Nam'),
('G20003', 'SX0001', '2022-02-20', N'Sản xuất tại Việt Nam'),
('G20004', 'SX0004', '2022-01-01', N'Sản xuất tại Việt Nam'),
('G20005', 'SX0001', '2022-02-20', N'Sản xuất tại Việt Nam'),

('G30001', 'SX0009', '2022-05-05', N'Sản xuất tại Ấn Độ'),
('G30002', 'SX0019', '2022-06-10', N'Sản xuất tại Ấn Độ'),
('G30003', 'SX0020', '2022-07-15', N'Sản xuất tại Ấn Độ'),
('G30003', 'SX0002', '2022-09-15', N'Sản xuất tại Ấn Độ'),

('G40001', 'SX0016', '2022-05-25', N'Sản xuất tại Nhật Bản'),
('G40002', 'SX0018', '2022-06-30', N'Sản xuất tại Nhật Bản'),
('G40003', 'SX0003', '2022-09-01', N'Sản xuất tại Indonesia'),
('G40004', 'SX0019', '2022-09-15', N'Sản xuất tại Indonesia'),
('G40005', 'SX0006', '2023-12-01', N'Sản xuất tại Nhật Bản'),
('G40006', 'SX0017', '2021-12-10', N'Sản xuất tại Nhật Bản'),
('G40007', 'SX0018', '2022-12-15', N'Sản xuất tại Nhật Bản'),
('G40008', 'SX0007', '2020-12-20', N'Sản xuất tại Việt Nam'),

('G50001', 'SX0008', '2022-07-20', N'Sản xuất tại Việt Nam'),
('G50002', 'SX0019', '2022-02-05', N'Sản xuất tại Việt Nam'),
('G50003', 'SX0005', '2022-08-30', N'Sản xuất tại Việt Nam'),
('G50004', 'SX0003', '2022-01-01', N'Sản xuất tại Indonesia'),
('G50005', 'SX0019', '2022-09-15', N'Sản xuất tại Indonesia');

-- chèn bảng Hóa đơn 
insert into tblHOADON (MaHD, SLGiay, TongTienHD, PTTTHD, MaNV, MaKH)
values 
-- tháng 1
('HD0001', 2, 5600000, N'Momo', 'NV0001', 'KH0001'),
('HD0002', 1, 1750000, N'Tiền mặt', 'NV0002', 'KH0002'),
('HD0003', 3, 9645000, N'Thẻ ngân hàng', 'NV0003', 'KH0003'),
('HD0004', 5, 16040000, N'Momo', 'NV0004', 'KH0004'),
('HD0005', 1, 3200000, N'Tiền mặt', 'NV0005', 'KH0005'),


-- tháng 2 
('HD0006', 2, 6650000, N'Thẻ ngân hàng', 'NV0006', 'KH0006'),
('HD0007', 4, 13040000, N'Momo', 'NV0007', 'KH0007'),
('HD0008', 3, 8415000, N'Tiền mặt', 'NV0008', 'KH0008'),
('HD0009', 2, 6100000, N'Thẻ ngân hàng', 'NV0009', 'KH0009'),
('HD0010', 1, 3500000, N'Momo', 'NV0010', 'KH0010'),
('HD0011', 1, 2500000,  N'Tiền mặt', 'NV0011', 'KH0011'),
('HD0012', 2, 7125000, N'Thẻ ngân hàng', 'NV0012', 'KH0012'),
('HD0013', 2, 6200000, N'Momo', 'NV0013', 'KH0013'),
('HD0014', 4, 11950000, N'Tiền mặt', 'NV0014', 'KH0014'),
('HD0015', 3, 8100000, N'Thẻ ngân hàng', 'NV0015', 'KH0015'),


-- tháng 3
('HD0016', 1, 2640000,  N'Momo', 'NV0016', 'KH0016'),
('HD0017', 1, 1800000, N'Tiền mặt', 'NV0017', 'KH0017'),
('HD0018', 2, 4880000, N'Thẻ ngân hàng', 'NV0018', 'KH0018'),
('HD0019', 3, 6415000, N'Momo', 'NV0019', 'KH0019'),
('HD0020', 4, 11040000, N'Tiền mặt', 'NV0020', 'KH0020'),
('HD0021', 3, 5360000, N'Thẻ ngân hàng', 'NV0021', 'KH0021'),
('HD0022', 1, 2400000,  N'Momo', 'NV0022', 'KH0022'),
('HD0023', 2, 3685000, N'Tiền mặt', 'NV0023', 'KH0023'),


-- tháng 4
('HD0024', 1, 1400000, N'Thẻ ngân hàng', 'NV0024', 'KH0024'),
('HD0025', 2, 4050000, N'Momo', 'NV0025', 'KH0025'),
('HD0026', 3, 5500000, N'Tiền mặt', 'NV0026', 'KH0026'),
('HD0027', 5, 9400000, N'Thẻ ngân hàng', 'NV0027', 'KH0027'),
('HD0028', 2, 5025000, N'Momo', 'NV0028', 'KH0028'),
('HD0029', 1, 1600000, N'Tiền mặt', 'NV0029', 'KH0029'),
('HD0030', 4, 7875000, N'Thẻ ngân hàng', 'NV0030', 'KH0030'),
('HD0031', 3, 4900000, N'Momo', 'NV0001', 'KH0031'),
('HD0032', 4, 8875000, N'Thẻ ngân hàng', 'NV0002', 'KH0032'),


-- tháng 5
('HD0033', 2, 3300000, N'Momo', 'NV0003', 'KH0033'),
('HD0034', 2, 4520000, N'Momo', 'NV0003', 'KH0034'),
('HD0035', 1, 2450000,  N'Tiền mặt', 'NV0004', 'KH0035'),
('HD0036', 1, 3780000, N'Thẻ ngân hàng', 'NV0005', 'KH0036'),
('HD0037', 4, 12100000, N'Momo', 'NV0006', 'KH0037'),
('HD0038', 3, 6700000, N'Tiền mặt', 'NV0007', 'KH0038'),
('HD0039', 2, 6200000, N'Thẻ ngân hàng', 'NV0008', 'KH0039'),
('HD0040', 5, 12950000, N'Momo', 'NV0009', 'KH0040'),

-- tháng 6
('HD0041', 1, 2800000, N'Tiền mặt', 'NV0010', 'KH0041'),
('HD0042', 2, 4400000, N'Thẻ ngân hàng', 'NV0011', 'KH0042'),
('HD0043', 1, 2750000,  N'Momo', 'NV0012', 'KH0043'),
('HD0044', 2, 4875000, N'Tiền mặt', 'NV0013', 'KH0044'),
('HD0045', 1, 2400000, N'Thẻ ngân hàng', 'NV0014', 'KH0045'),
('HD0046', 1, 2000000, N'Momo', 'NV0015', 'KH0046'),
('HD0047', 1, 1820000, N'Tiền mặt', 'NV0016', 'KH0047'),


-- tháng 7 
('HD0048', 2, 5695000, N'Thẻ ngân hàng', 'NV0017', 'KH0048'),
('HD0049', 6, 16535000, N'Momo', 'NV0018', 'KH0049'),
('HD0050', 1, 2000000, N'Tiền mặt', 'NV0019', 'KH0050'),
('HD0051', 1, 2380000, N'Momo', 'NV0020', 'KH0001'),
('HD0052', 2, 5800000, N'Momo', 'NV0021', 'KH0002'),
('HD0053', 1, 2000000, N'Momo', 'NV0022', 'KH0003'),
('HD0054', 1, 2975000, N'Momo', 'NV0023', 'KH0004'),
('HD0055', 1, 3300000, N'Thẻ ngân hàng', 'NV0024', 'KH0005'),
('HD0056', 1, 3200000, N'Tiền mặt', 'NV0025', 'KH0006'),


-- tháng 8 
('HD0057', 1, 1500000, N'Tiền mặt', 'NV0025', 'KH0007'),
('HD0058', 2, 4250000, N'Tiền mặt', 'NV0026', 'KH0008'),
('HD0059', 3, 4200000, N'Momo', 'NV0027', 'KH0009'),
('HD0060', 4, 6800000, N'Thẻ ngân hàng', 'NV0028', 'KH0010'),
('HD0061', 3, 5800000, N'Momo', 'NV0029', 'KH0011'),
('HD0062', 2, 4550000, N'Momo', 'NV0030', 'KH0012'),
('HD0063', 1, 3200000, N'Thẻ ngân hàng', 'NV0001', 'KH0013'),
('HD0064', 1, 2800000, N'Momo', 'NV0002', 'KH0014'),

-- tháng 9
('HD0065', 3, 6435000, N'Tiền mặt', 'NV0003', 'KH0015'),
('HD0066', 4, 2145000, N'Momo', 'NV0004', 'KH0016'),
('HD0067', 2, 3415000, N'Thẻ ngân hàng', 'NV0005', 'KH0017'),
('HD0068', 1, 2100000, N'Tiền mặt', 'NV0006', 'KH0018'),
('HD0069', 1, 3000000, N'Tiền mặt', 'NV0007', 'KH0019'),
('HD0070', 2, 4450000, N'Thẻ ngân hàng', 'NV0008', 'KH0020'),


-- tháng 10
('HD0071', 1, 2450000, N'Tiền mặt', 'NV0009', 'KH0021'),
('HD0072', 2, 4770000, N'Thẻ ngân hàng', 'NV0010', 'KH0022'),
('HD0073', 1, 1760000, N'Momo', 'NV0011', 'KH0023'),
('HD0074', 1, 2700000, N'Momo', 'NV0012', 'KH0024'),
('HD0075', 2, 3735000, N'Tiền mặt', 'NV0013', 'KH0025'),
('HD0076', 3, 8800000, N'Tiền mặt', 'NV0014', 'KH0026'),

-- tháng 11
('HD0077', 1, 3500000, N'Tiền mặt', 'NV0015', 'KH0027'),
('HD0078', 2, 6700000, N'Thẻ ngân hàng', 'NV0016', 'KH0028'),
('HD0079', 1, 2750000, N'Momo', 'NV0017', 'KH0029'),
('HD0080', 1, 1750000, N'Momo', 'NV0018', 'KH0030'),
('HD0081', 1, 2100000, N'Tiền mặt', 'NV0019', 'KH0031'),
('HD0082', 2, 3200000, N'Thẻ ngân hàng', 'NV0020', 'KH0032'),
('HD0083', 1, 2250000, N'Momo', 'NV0021', 'KH0033'),
('HD0084', 1, 1750000, N'Momo', 'NV0022', 'KH0034'),

-- tháng 12
('HD0085', 1, 2275000, N'Tiền mặt', 'NV0023', 'KH0035'),
('HD0086', 2, 5300000, N'Thẻ ngân hàng', 'NV0024', 'KH0036'),
('HD0087', 1, 2400000, N'Momo', 'NV0025', 'KH0037'),
('HD0088', 1, 1600000, N'Momo', 'NV0026', 'KH0038');


-- chèn bảng Chi tiết hóa đơn
insert into tblCT_HOADON (MaHD, MaGiay, MaKM, NgayLapHD, GioLapHD)
values 
-- tháng 1
('HD0001','G01001',NULL,'2025-01-12','13:25:00'),
('HD0001','G10001','KM0001','2025-01-12','13:25:00'),

('HD0002','G10006','KM0028','2025-01-19','11:27:00'),

('HD0003','G80002','KM0029','2025-01-28','16:19:00'),
('HD0003','G30003',NULL,'2025-01-28','16:19:00'),
('HD0003','G90001',NULL,'2025-01-28','16:19:00'),

('HD0004','G70001','KM0034','2025-01-22','09:38:00'),
('HD0004','G70002','KM0034','2025-01-22','09:38:00'),
('HD0004','G30003',NULL,'2025-01-22','09:38:00'),
('HD0004','G90004',NULL,'2025-01-22','09:38:00'),
('HD0004','G60002',NULL,'2025-01-22','09:38:00'),

('HD0005','G01003',NULL,'2025-01-02','10:55:00'),

-- tháng 2
('HD0006','G90001','KM0002','2025-02-02','08:50:00'),
('HD0006','G90004','KM0002','2025-02-02','08:50:00'),

('HD0007','G90002','KM0002','2025-02-07','11:27:00'),
('HD0007','G20002',NULL,'2025-02-07','11:27:00'),
('HD0007','G10004',NULL,'2025-02-07','11:27:00'),
('HD0007','G50003',NULL,'2025-02-07','11:27:00'),

('HD0008','G40001','KM0004','2025-02-13','19:20:00'),
('HD0008','G20003','KM0004','2025-02-13','19:20:00'),
('HD0008','G80001','KM0004','2025-02-13','19:20:00'),

('HD0009','G50001',NULL,'2025-02-04','20:38:00'),
('HD0009','G20001',NULL,'2025-02-04','20:38:00'),

('HD0010','G40001','KM0033','2025-02-17','11:26:00'),

('HD0011','G70002',NULL,'2025-02-19','16:23:00'),

('HD0012','G40001','KM0033','2025-02-13','19:45:00'),
('HD0012','G90004','KM0004','2025-02-13','19:45:00'),

('HD0013','G30002',NULL,'2025-02-25','14:36:00'),
('HD0013','G20002',NULL,'2025-02-25','14:36:00'),

('HD0014','G90001','KM0004','2025-02-10','21:04:00'),
('HD0014','G30003','KM0002','2025-02-10','21:04:00'),
('HD0014','G50001',NULL,'2025-02-10','21:04:00'),
('HD0014','G70001',NULL,'2025-02-10','21:04:00'),

('HD0015','G40001','KM0033','2025-02-28','17:12:00'),
('HD0015','G40001','KM0033','2025-02-28','17:12:00'),
('HD0015','G30002',NULL,'2025-02-28','17:12:00'),

-- tháng 3
('HD0016','G80002','KM0003','2025-03-10','14:36:00'),

('HD0017','G30001','KM0031','2025-03-01','10:04:00'),

('HD0018','G80002','KM0003','2025-03-15','11:36:00'),
('HD0018','G60002','KM0003','2025-03-15','11:36:00'),

('HD0019','G01001','KM0003','2025-03-12','08:50:00'),
('HD0019','G30001','KM0031','2025-03-12','08:50:00'),
('HD0019','G50001','KM0049','2025-03-12','08:50:00'),

('HD0020','G40001','KM0003','2025-03-29','20:39:00'),
('HD0020','G60002','KM0003','2025-03-29','20:39:00'),
('HD0020','G80002','KM0003','2025-03-29','20:39:00'),
('HD0020','G90002','KM0003','2025-03-29','20:39:00'),

('HD0021','G30001','KM0031','2025-03-15','16:06:00'),
('HD0021','G30001','KM0031','2025-03-15','16:06:00'),
('HD0021','G50002','KM0049','2025-03-15','16:06:00'),

('HD0022','G01002','KM0003','2025-03-25','14:47:00'),

('HD0023','G50002','KM0049','2025-03-20','13:56:00'),
('HD0023','G30003','KM0049','2025-03-20','13:56:00'),

-- tháng 4
('HD0024','G10001','KM0006','2025-04-02','13:56:00'),

('HD0025','G50001','KM0006','2025-04-06','10:04:00'),
('HD0025','G01003','KM0040','2025-04-06','10:04:00'),

('HD0026','G10003','KM0006','2025-04-11','11:36:00'),
('HD0026','G50001','KM0006','2025-04-11','11:36:00'),
('HD0026','G01002','KM0040','2025-04-11','11:36:00'),

('HD0027','G10006','KM0006','2025-04-18','08:50:00'),
('HD0027','G40001','KM0006','2025-04-18','08:50:00'),
('HD0027','G60001','KM0006','2025-04-18','08:50:00'),
('HD0027','G80002','KM0006','2025-04-18','08:50:00'),
('HD0027','G90004','KM0006','2025-04-18','08:50:00'),

('HD0028','G01001','KM0040','2025-04-20','16:06:00'),
('HD0028','G01003','KM0040','2025-04-20','16:06:00'),

('HD0029','G20003','KM0006','2025-04-22','10:06:00'),

('HD0030','G01001','KM0040','2025-04-17','12:23:00'),
('HD0030','G01002','KM0040','2025-04-17','12:23:00'),
('HD0030','G30002','KM0006','2025-04-17','12:23:00'),
('HD0030','G70001','KM0006','2025-04-17','12:23:00'),

('HD0031','G20001','KM0006','2025-04-29','20:39:00'),
('HD0031','G30003','KM0006','2025-04-29','20:39:00'),
('HD0031','G40001','KM0006','2025-04-29','20:39:00'),

('HD0032','G01001','KM0040','2025-04-10','14:47:00'),
('HD0032','G01002','KM0040','2025-04-10','14:47:00'),
('HD0032','G01003','KM0040','2025-04-10','14:47:00'),
('HD0032','G10005','KM0006','2025-04-10','14:47:00'),

('HD0033','G50001','KM0006','2025-04-30','13:56:00'),
('HD0033','G80002','KM0006','2025-04-30','13:56:00'),

-- tháng 5
('HD0034','G10001','KM0035','2025-05-01','15:22:00'),
('HD0034','G80001','KM0007','2025-05-01','15:22:00'),

('HD0035','G40001','KM0035','2025-05-10','11:36:00'),

('HD0036','G90002','KM0036','2025-05-15','14:20:00'),

('HD0037','G10006','KM0035','2025-05-20','08:50:00'),
('HD0037','G90003','KM0036','2025-05-20','08:50:00'),
('HD0037','G60001','KM0008','2025-05-20','08:50:00'),
('HD0037','G40001',NULL,'2025-05-20','08:50:00'),

('HD0038','G80002','KM0007','2025-05-14','20:39:00'),
('HD0038','G10001','KM0035','2025-05-14','20:39:00'),
('HD0038','G60001','KM0008','2025-05-14','20:39:00'),

('HD0039','G20002',NULL,'2025-05-29','16:06:00'),
('HD0039','G50002',NULL,'2025-05-29','16:06:00'),

('HD0040','G80001','KM0007','2025-05-15','13:56:00'),
('HD0040','G01003','KM0035','2025-05-15','13:56:00'),
('HD0040','G90001','KM0036','2025-05-15','13:56:00'),
('HD0040','G60001','KM0008','2025-05-15','13:56:00'),
('HD0040','G50003','KM0035','2025-05-15','13:56:00'),

-- tháng 6
('HD0041','G40001','KM0010','2025-06-13','18:59:00'),

('HD0042','G30001','KM0009','2025-06-06','19:04:00'),
('HD0042','G70002',	NULL,	'2025-06-06','19:04:00'),

('HD0043','G90004','KM0037','2025-06-14','20:36:00'),

('HD0044','G50001','KM0038','2025-06-25','21:03:00'),
('HD0044','G01002','KM0038','2025-06-25','21:03:00'),

('HD0045','G80001','KM0010','2025-06-18','08:50:00'),

('HD0046','G90001','KM0037','2025-06-01','10:50:00'),

('HD0047','G60001','KM0048','2025-06-19','15:50:00'),

-- tháng 7
('HD0048','G01001','KM0011','2025-07-01','13:56:00'),
('HD0048','G30002','KM0011','2025-07-01','13:56:00'),

('HD0049','G01001','KM0011','2025-07-05','10:04:00'),
('HD0049','G10003','KM0011','2025-07-05','10:04:00'),
('HD0049','G20003','KM0011','2025-07-05','10:04:00'),
('HD0049','G50002','KM0011','2025-07-05','10:04:00'),
('HD0049','G90001','KM0011','2025-07-05','10:04:00'),
('HD0049','G70002','KM0039','2025-07-05','10:04:00'),

('HD0050','G70002','KM0039','2025-07-10','08:50:00'),

('HD0051','G10001','KM0011','2025-07-13','13:16:00'),

('HD0052','G20001',NULL,'2025-07-16','07:45:00'),
('HD0052','G20002',NULL,'2025-07-16','07:45:00'),

('HD0053','G70002','KM0039','2025-07-17','11:36:00'),

('HD0054','G40001','KM0011','2025-07-13','12:53:00'),

('HD0055','G50001',NULL,'2025-07-19','13:15:00'),

('HD0056','G80001',NULL,'2025-07-28','16:50:00'),

-- tháng 8
('HD0057','G60001','KM0013','2025-08-01','13:56:00'),

('HD0058','G30001','KM0041','2025-08-11','10:04:00'),
('HD0058','G90004','KM0015','2025-08-11','10:04:00'),

('HD0059','G60002','KM0013','2025-08-08','11:36:00'),
('HD0059','G10001','KM0041','2025-08-08','11:36:00'),
('HD0059','G10001','KM0041','2025-08-08','11:36:00'),

('HD0060','G30001','KM0041','2025-08-19','07:50:00'),
('HD0060','G40002','KM0041','2025-08-19','07:50:00'),
('HD0060','G30001','KM0041','2025-08-19','07:50:00'),
('HD0060','G40002','KM0041','2025-08-19','07:50:00'),

('HD0061','G20001',NULL,	'2025-08-22','19:09:00'),
('HD0061','G20002','KM0041','2025-08-22','19:09:00'),
('HD0061','G20002','KM0041','2025-08-22','19:09:00'),

('HD0062','G90004','KM0015','2025-08-21','11:32:00'),
('HD0062','G10003','KM0041','2025-08-21','11:32:00'),

('HD0063','G80001',NULL,'2025-08-30','09:50:00'),

('HD0064','G70001',NULL,'2025-08-31','11:57:00'),

-- tháng 9
('HD0065','G01001','KM0016','2025-09-03','17:15:00'),
('HD0065','G30002','KM0016','2025-09-03','17:15:00'),
('HD0065','G80001','KM0016','2025-09-03','17:15:00'),

('HD0066','G01003','KM0016','2025-09-10','10:39:00'),
('HD0066','G10006','KM0016','2025-09-10','10:39:00'),
('HD0066','G30001','KM0016','2025-09-10','10:39:00'),
('HD0066','G50001','KM0016','2025-09-10','10:39:00'),

('HD0067','G20001','KM0018','2025-09-15','08:50:00'),
('HD0067','G70002','KM0046','2025-09-15','08:50:00'),

('HD0068','G70001','KM0046','2025-09-18','13:56:00'),

('HD0069','G30001',NULL,	'2025-09-16','10:04:00'),

('HD0070','G60002',NULL,	'2025-09-24','11:36:00'),
('HD0070','G20002','KM0018','2025-09-24','11:36:00'),

-- tháng 10
('HD0071','G40001','KM0019','2025-10-04','12:40:00'),

('HD0072','G60002','KM0020','2025-10-07','10:14:00'),
('HD0072','G01002','KM0047','2025-10-07','10:14:00'),

('HD0073','G20003','KM0042','2025-10-10','18:36:00'),

('HD0074','G90003','KM0021','2025-10-17','17:21:00'),

('HD0075','G50002','KM0021','2025-10-20','08:50:00'),
('HD0075','G90001','KM0042','2025-10-20','08:50:00'),

('HD0076','G10001',NULL,'2025-10-27','13:16:00'),
('HD0076','G40001',NULL,'2025-10-27','13:16:00'),
('HD0076','G70002',NULL,'2025-10-27','13:16:00'),

-- tháng 11
('HD0077','G01001',NULL,'2025-11-05','13:26:00'),

('HD0078','G30002',NULL,'2025-11-11','10:29:00'),
('HD0078','G01001',NULL,'2025-11-11','10:29:00'),

('HD0079','G90004','KM0043','2025-11-14','18:06:00'),

('HD0080','G10006','KM0024','2025-11-17','17:03:00'),

('HD0081','G90002','KM0023','2025-11-25','20:53:00'),

('HD0082','G20003','KM0022','2025-11-22','21:50:00'),
('HD0082','G50002','KM0022','2025-11-22','21:50:00'),

('HD0083','G90003','KM0023','2025-11-26','22:00:00'),

('HD0084','G10001','KM0050','2025-11-30','21:56:00'),

-- tháng 12
('HD0085','G01001','KM0025','2025-12-01','11:16:00'),

('HD0086','G40001','KM0026','2025-12-20','08:04:00'),
('HD0086','G70002',NULL,'2025-12-20','08:04:00'),

('HD0087','G10005','KM0030','2025-12-25','13:11:00'),

('HD0088','G20003','KM0045','2025-12-31','11:11:00');


-- chèn bảng Phiếu nhập
insert into tblPHIEUNHAP (MaPN, MaGiay, SLPN, GiaPN, TongTienPN, PTTTPN, MaNV)
values 
--loại Nike Air Max
('PN0001','G10001','106','2500000','265000000','Thẻ ngân hàng','NV0031'),
('PN0002','G10002','106','2700000','286200000','Thẻ ngân hàng','NV0032'),
('PN0003','G10003','106','2600000','275600000','Thẻ ngân hàng','NV0033'),
('PN0004','G10004','103','3100000','319300000','Thẻ ngân hàng','NV0034'),
('PN0005','G10005','99',' 2800000','277200000','Thẻ ngân hàng','NV0035'),
('PN0006','G10006','106','3000000','318000000','Thẻ ngân hàng','NV0036'),

--loại Nike Air Force 1
('PN0007','G20001','106','2100000','222600000','Thẻ ngân hàng','NV0037'),
('PN0008','G20002','106','2500000','265000000','Thẻ ngân hàng','NV0038'),
('PN0009','G20003','106','2600000','275600000','Thẻ ngân hàng','NV0039'),

--loại Nike Dunk2500000
('PN0010','G30001','105','2100000','220500000','Thẻ ngân hàng','NV0041'),
('PN0011','G30002','106','2800000','296800000','Thẻ ngân hàng','NV0042'),
('PN0012','G30003','106','2900000','307400000','Thẻ ngân hàng','NV0043'),

--loại Nike Zoom
('PN0013','G40001','106','2700000','286200000','Thẻ ngân hàng','NV0044'),
('PN0014','G40002','115','3300000','379500000','Thẻ ngân hàng','NV0045'),

--loại Nike React
('PN0015','G50001','111','3000000','333000000','Thẻ ngân hàng','NV0046'),
('PN0016','G50002','106','2650000','280900000','Thẻ ngân hàng','NV0047'),
('PN0017','G50003','115','3125000','359375000','Thẻ ngân hàng','NV0048'),

--loại Nike Free
('PN0018','G60001','104','1950000','202800000','Thẻ ngân hàng','NV0049'),
('PN0019','G60002','106','2115000','224190000','Thẻ ngân hàng','NV0050'),

-- loại Nike Blazer
('PN0020','G70001','105','1950000','204750000','Thẻ ngân hàng','NV0031'),
('PN0021','G70002','106','2100000','222600000','Thẻ ngân hàng','NV0032'),

-- loại Nike Pegasus
('PN0022','G80001','120','3000000','360000000','Thẻ ngân hàng','NV0033'),
('PN0023','G80002','106','2785000','295210000','Thẻ ngân hàng','NV0034'),

-- loại Nike Air Jordan
('PN0024','G90001','107','3400000','363800000','Thẻ ngân hàng','NV0035'),
('PN0025','G90002','106','3850000','408100000','Thẻ ngân hàng','NV0036'),
('PN0026','G90003','106','4000000','424000000','Thẻ ngân hàng','NV0037'),
('PN0027','G90004','106','5115000','542190000','Thẻ ngân hàng','NV0038'),

-- loại Nike SB
('PN0028','G01001','108','2760000','298080000','Thẻ ngân hàng','NV0039'),
('PN0029','G01002','106','2875000','304750000','Thẻ ngân hàng','NV0040'),
('PN0030','G01003','106','2700000','286200000','Thẻ ngân hàng','NV0041');


-- chèn bảng Chi tiết phiếu nhập
insert into tblCT_PHIEUNHAP (MaPN, NgayNhap, GioNhap)
values 
-- loại Nike Air Max
('PN0001','2022-03-10','08:30:15'),
('PN0002','2022-05-25','09:45:00'),
('PN0003','2022-06-30','14:20:30'),
('PN0004','2022-07-17','11:15:10'),
('PN0005','2022-08-31','13:00:45'),
('PN0006','2022-09-20','10:30:25'),

-- loại Nike Air Force 1
('PN0007','2022-03-30','07:55:50'),
('PN0008','2022-04-26','16:00:05'),
('PN0009','2022-04-30','12:40:15'),

-- loại Nike Dunk
('PN0010','2022-05-30','08:25:30'),
('PN0011','2022-06-24','17:35:20'),
('PN0012','2022-07-29','14:10:45'),

-- loại Nike Zoom
('PN0013','2022-06-10','09:00:00'),
('PN0014','2022-07-15','15:50:55'),

-- loại Nike React
('PN0015','2022-07-29','12:30:30'),
('PN0016','2022-08-21','13:45:15'),
('PN0017','2022-09-19','10:05:45'),

-- loại Nike Free
('PN0018','2022-09-17','09:15:10'),
('PN0019','2022-09-30','14:35:50'),

-- loại Nike Blazer
('PN0020','2022-10-20','08:00:00'),
('PN0021','2022-10-25','16:45:25'),

-- loại Nike Pegasus
('PN0022','2022-11-25','12:20:10'),
('PN0023','2022-11-30','10:55:30'),

-- loại Nike Air Jordan
('PN0024','2022-12-18','09:30:15'),
('PN0025','2022-12-20','14:15:20'),
('PN0026','2022-12-25','11:50:55'),
('PN0027','2022-12-30','16:30:05'),

-- loại Nike SB
('PN0028','2025-01-10','13:00:00'),
('PN0029','2025-01-30','10:40:30'),
('PN0030','2025-02-12','08:15:45');



	
	SELECT MaGiay, SUM(SLSize) AS Tong
	FROM tblCT_SIZE
	WHERE MaGiay = 'G01003'
	GROUP BY MaGiay;

SELECT MaKM, NoiDungKM, NgayBatDau, NgayKetThuc
FROM tblKHUYENMAI
WHERE MONTH(NgayBatDau) = 12 AND YEAR(NgayBatDau) = 2025
AND MONTH(NgayKetThuc) = 12  AND YEAR(NgayKetThuc) = 2025;



